{
  "body": "mercury",
  "degree": 8,
  "event_count": 126181,
  "period_days": 87.96934950520604,
  "phase_start_jd": -3099979.4655287573,
  "domain_start_jd": -3099979.4655287573,
  "domain_end_jd": 7999993.05503814,
  "event_index_start": 0.0,
  "event_index_scale": 126180.0,
  "coefficients": [
    -0.006519112115526913,
    -0.0023065746680906167,
    -0.019692653467795827,
    -0.0037999238146599243,
    0.0005971365956717328,
    -0.00017383732672839343,
    0.00018875313309638916,
    -2.6913434404076687e-05,
    -1.2576166543773421e-05
  ],
  "raw_p99_days": 0.02966318577527999,
  "raw_max_days": 0.03338245488703251,
  "corr_p99_days": 0.0018243205733597275,
  "corr_max_days": 0.0021913875825703144
}
