{
  "body": "moon",
  "domain_start_jd": -3100255.0,
  "century_days": 36525.0,
  "quantum_seconds": 60.0,
  "period_days": 27.554538221086574,
  "phase_start_jd": -3099992.935765636,
  "table_count": 306,
  "interpolation": "linear",
  "statistic": "median",
  "table_values": [
    -9325,
    -9200,
    -9087,
    -9005,
    -8875,
    -8780,
    -8657,
    -8545,
    -8444,
    -8305,
    -8222,
    -8099,
    -7977,
    -7885,
    -7733,
    -7613,
    -7525,
    -7366,
    -7265,
    -7147,
    -7014,
    -6893,
    -6747,
    -6653,
    -6515,
    -6376,
    -6279,
    -6134,
    -5997,
    -5873,
    -5734,
    -5617,
    -5477,
    -5354,
    -5209,
    -5088,
    -4974,
    -4801,
    -4691,
    -4571,
    -4413,
    -4269,
    -4140,
    -4006,
    -3888,
    -3752,
    -3620,
    -3468,
    -3335,
    -3219,
    -3043,
    -2946,
    -2794,
    -2641,
    -2544,
    -2392,
    -2275,
    -2124,
    -1978,
    -1861,
    -1725,
    -1572,
    -1450,
    -1322,
    -1180,
    -1050,
    -912,
    -802,
    -638,
    -535,
    -387,
    -249,
    -157,
    -2,
    122,
    242,
    393,
    482,
    629,
    770,
    846,
    1007,
    1118,
    1242,
    1359,
    1461,
    1594,
    1706,
    1840,
    1959,
    2038,
    2199,
    2291,
    2408,
    2525,
    2623,
    2751,
    2849,
    2957,
    3068,
    3164,
    3283,
    3364,
    3476,
    3587,
    3666,
    3770,
    3879,
    3946,
    4071,
    4147,
    4240,
    4337,
    4400,
    4501,
    4571,
    4657,
    4766,
    4814,
    4930,
    4961,
    5061,
    5131,
    5203,
    5303,
    5343,
    5423,
    5476,
    5555,
    5626,
    5692,
    5722,
    5794,
    5841,
    5909,
    5947,
    6012,
    6082,
    6090,
    6180,
    6188,
    6265,
    6288,
    6328,
    6361,
    6397,
    6426,
    6474,
    6490,
    6540,
    6542,
    6568,
    6612,
    6609,
    6628,
    6656,
    6666,
    6688,
    6670,
    6715,
    6697,
    6701,
    6722,
    6702,
    6708,
    6707,
    6685,
    6695,
    6686,
    6673,
    6670,
    6642,
    6620,
    6614,
    6565,
    6557,
    6534,
    6508,
    6465,
    6422,
    6424,
    6344,
    6326,
    6291,
    6234,
    6205,
    6145,
    6083,
    6030,
    5999,
    5944,
    5895,
    5836,
    5764,
    5691,
    5627,
    5554,
    5479,
    5396,
    5333,
    5245,
    5174,
    5093,
    4990,
    4916,
    4815,
    4715,
    4657,
    4531,
    4442,
    4357,
    4234,
    4145,
    4046,
    3951,
    3829,
    3742,
    3617,
    3455,
    3354,
    3233,
    3093,
    2982,
    2867,
    2753,
    2583,
    2493,
    2316,
    2171,
    2030,
    1910,
    1772,
    1599,
    1461,
    1304,
    1147,
    1013,
    868,
    685,
    520,
    368,
    238,
    37,
    -161,
    -315,
    -480,
    -671,
    -856,
    -1016,
    -1217,
    -1405,
    -1565,
    -1776,
    -1921,
    -2145,
    -2346,
    -2499,
    -2736,
    -2918,
    -3153,
    -3330,
    -3513,
    -3761,
    -3947,
    -4182,
    -4370,
    -4563,
    -4803,
    -5033,
    -5233,
    -5472,
    -5660,
    -5899,
    -6130,
    -6383,
    -6594,
    -6805,
    -7055,
    -7268,
    -7550,
    -7749,
    -8028,
    -8241,
    -8491,
    -8717,
    -8974,
    -9220,
    -9470,
    -9723,
    -9984,
    -10226,
    -10494,
    -10728,
    -11024,
    -11257,
    -11530,
    -11784,
    -12057,
    -12309,
    -12574,
    -12833,
    -13104,
    -13386,
    -13652,
    -13652,
    -13652
  ]
}
